achari	archari	1
achieawit	achirawit	1
adiy	adiv	1
aeerat	keerati	1
aewwangso	iewwangso	1
afdulmanaf	abdulmanaf	1
aimsamrong	aimsamarng	1
akkarades	akaradat	1
aksarapark	aksarapak	1
alonkon	alongkon	1
amee	armoei	1
amemina	aemina	1
amonrada	amolrada	1
amonwan	amolawan	1
amraporn	amaraporn	1
amrit	amarit	1
amronthep	amornthep	1
anantahirun	anantahiran	1
anantapn	anantapan	1
anchaleepron	unchaliporn	1
andres	andraes	1
angkananukroh	angkhananukroh	1
angraini	anggraini	1
anichit	anuchit	1
anoch	anocha	1
anongnart	anongnat	1
anupanpisit	anupunpisit	1
anurakwanaprai	anurakwanaphai	1
anuway	anuwat	1
anychit	anuchit	1
aontachan	ontajan	1
apakorn	arpakorn	1
apichanya	apichaya	1
apichoksathaporn	apichoksataporn	1
apiromyanont	aphiromyanon	1
apisit	aphisitthi	1
apitthaya	pattiya	1
apiyanisai	ariyanisai	1
arabian	auraivan	1
areeya	arriya	1
arifin	arifeen	2
ariyapititnan	ariyapitinan	1
armin	ameen	1
arngi	ngi	1
arnuphab	arnuphap	1
arthan	artharn	1
artirat	atirat	1
artittaya	arthittaya	1
asara	aesara	2
atari	tayati	1
aticha	athicha	1
atsaskul	atsasakul	1
auanlan	ouanlan	1
aunchalee	anchalee	1
aungaso	aungkaso	1
aungsan	aungsana	1
aungsupankosol	angsupankosol	1
aunop	aunup	2
aupmai	aupamai	1
auttapol	attapol	1
auttayajirakul	attayajirakul	2
avnchit	anuchit	1
ayutaya	ayuttaya	1
bamrunraksa	bamrungraksa	1
bamyod	namyod	1
banchang	benchang	2
bandanna	pansanga	1
banlaeng	banleng	1
bantam	baoneam	1
bantheongjit	banthoengjit	1
bantita	banthita	1
banyatip	benyathip	1
baranaphan	buranaphan	1
barton	vartun	1
baudit	buadit	1
benjaporn	benjaphorn	1
binyama	binyamae	2
boinprasert	boonprasert	1
bonnprasert	boonprasert	1
bookmak	boonmak	1
boomsomchue	boonsomchue	1
boonae	boonnae	1
boonfy	boonfu	1
boongsanong	boonsanong	1
boonma	bunma	1
boonoom	boon	1
boonprasert	bunprasert	2
boonsitathachai	boonsitathanachai	1
boonsodakorn	bunsodakon	1
boontansa	boontunsa	1
boonthakut	boonthakud	1
boontiang	boonthiang	1
boonyang	boouyang	1
boonyarit	bunyarit	1
buakod	buakot	3
buanlee	buanhlee	1
buathong	bouathong	1
bubphacat	bubphachat	1
bubphol	budphol	1
buearahang	bueraheng	2
bunbanyeu	bunbanyen	1
bunkorn	boonkon	1
bunmak	boonmak	1
bunnab	bunnaeb	1
bunpachat	banpachat	1
bunpeng	bunpang	1
bunpot	patbunpot	2
bunruang	bunrueang	2
bunyan	bunpan	1
bupbha	buppha	1
buppachat	pohbunchuen	1
bupphacart	bupphachart	1
busaarin	bussarin	1
bussakorn	busakorn	1
butampai	buthampai	1
butphabod	bupphabod	1
butsakorn	butsakon	1
buttawong	butwong	2
cahyapong	chayapong	1
camkhanjan	chaikamjan	1
cattareelaya	cattaleeya	1
cavalho	carvalho	1
chaatchanok	chatchanok	1
chaiagsorn	chaiaksorn	1
chaiboonyanupap	chaibunyanupap	1
chaichuey	chuenchom	1
chaikhandaeng	chaikhamdaeng	2
chaikwan	chaikhwan	1
chaioor	chaloor	1
chairoensupmanee	charoensupmanee	1
chairsirikul	chiarsirikul	1
chaiwoothiler	chaiwoothilert	1
chaiyapucksayanon	chaipucksayanon	1
chaiyasit	iyasit	1
chaiyasorn	chaiyasuk	1
chaiyatub	chaitap	1
chaiyon	chaiyont	1
chaiyphan	chaiyaphan	1
chalaemchai	chalermchai	1
chalermchi	chalermchai	1
chalermpot	chalermprot	1
chalwan	chaiwan	1
chambong	chamnong	1
chamchomnong	chomchamnong	1
chammanwiang	chamnanwiang	1
chamnannop	chamnannoh	2
chamnguluema	chamngulueam	1
champion	phanphim	1
chanakarn	chanakan	1
chanaporn	thanachanaphon	1
chanatip	chanathip	1
changchun	chaengchaikun	1
changrueen	changruen	1
chanid	chanida	1
chanisra	chanisara	1
channrarong	channarong	1
chanokkamol	chanokamol	1
chantachok	chanthachot	1
chantakao	chantakhao	1
chantarakun	jantharakun	1
chantel	chanthep	1
chanthakarn	chanthakan	1
chanusta	chansuta	1
chanyanuch	chainet	1
chaowakeertipong	chaowakeeratipong	1
chapel	atchapuk	1
chariya	jariya	1
charoenprachock	charoenprachok	1
charoenweth	charoenwetch	2
charro	chatri	1
chatkeaw	chatkaew	1
chattanasen	chettanasen	1
chatthaijaroen	chatthaicharoen	1
chattum	chattham	1
chatuwan	charuwan	1
chauyprakong	chuayprakong	1
chavikhunram	chavikkhunram	1
chayakorn	chayakon	1
chayutaphong	chayutphong	1
chenchira	jenjira	1
cherdsuwan	choedsuwan	2
chermue	choemue	1
chettanmart	chettamart	1
cheybamring	cheybamrung	1
chiamun	chaimun	1
chiangtawan	changtawan	1
chichit	chuchit	1
chidtrporn	chidtaporn	1
chimnol	chimnok	1
chindatrira	chindatrirat	1
chingtong	chintong	1
chinnakrit	chinnakit	1
chinnaphat	jinnapat	1
chinnikan	chonnikan	1
chinpongpanit	chinpongpanich	1
chintrakoonpradap	chintrakoonpradub	1
chirasasak	chirasak	1
chitchoung	chotchoung	1
chitika	chotika	2
chitsagiam	chitsangiam	2
chiyasate	chaiyasate	1
chnasakul	chanasakul	1
chobjaroen	chopjaroen	1
chockhhirunkit	chokhhirunkit	3
choengram	changram	1
chokphettra	chokphettara	1
chokroumchai	chokruamchai	1
cholprapanp	cholprapan	1
chonnipa	chonnipha	1
chonthiccha	chonthicha	1
chonthong	chanthong	1
choochart	chuchat	2
choomueang	chumueang	1
chotisukrak	chotisukrat	1
chotlraksa	chotiraksa	1
chotoka	chotika	1
chsrasrattanarut	charasrattanarut	1
chuaipattalung	chuaiphatthalung	1
chuanbal	chuenbal	1
chuaynul	chuaynukul	1
chuayrak	chuyrak	1
chudamart	chudamat	1
chue	sae	1
chuenmaung	chuenmuang	1
chuenpiee	chuenplee	1
chula	jura	1
chulakak	chulalak	1
chuleporn	chuleepohn	1
chumming	chumtong	2
chumphu	chumpu	1
chumrit	chumridh	1
chunhassut	chunhasut	1
chunnuer	channuer	1
chunsorn	chansorn	1
chuon	chu	1
churatrat	churairat	1
churnsa	chuensa	1
chuthina	chuthian	1
chutikanms	chutikan	1
chutimon	chuthimon	1
chutinston	chutinaton	1
cirichai	sirichai	1
ckok	chok	2
comparing	pimpatong	1
corn	chhorn	1
dacha	decha	1
dangdong	daengdong	1
danphatthanasawat	danphathanasawat	1
dararat	dararut	2
darin	sarita	1
darudee	darunee	1
decha	dacha	1
dechakorn	dachakorn	1
dechyoeam	dachyoeam	1
declkew	detkaew	1
deejai	dichai	1
detkettakhuan	detkettakhan	1
detphoobga	detphoonga	1
dissayasriroch	disayasriroj	1
dongon	dangon	1
doupath	duangpet	1
duangrudeee	duangrudee	1
duangsuwan	doungsuwan	1
dulyawit	dulyavit	1
dumrongsuvinai	dumrongwongsuvinai	1
dung	vandung	1
dunnigab	dunnigan	2
eadcharone	eadcharoen	1
eakkaluck	agaluk	1
eiamsitthipan	iamsitthipan	1
ekkachai	eakkachai	1
ekkaluk	ekkalux	1
ekrarat	ekarat	1
elizabeth	elisabeth	1
emkowit	emkovit	1
euden	eden	1
euitak	euitaik	1
faeungfu	fueangfu	1
faradi	fardi	1
fongkum	fongkham	1
funseub	funsueb	1
gawee	kavee	1
genharat	ganharat	1
greme	graeme	1
gushard	gusgard	1
hafeesoh	hafisoh	1
hakan	haakan	1
hakkayankn	hakkayanon	1
han	jan	1
hanchet	hanchat	1
hanifah	hanifa	1
hanphakdeeniyomhakdeeniyom	hanphakdeeniyom	1
haritachart	harintachart	1
harmann	hermann	2
harutal	harutai	1
hasan	hatsan	1
hata	hatta	1
hatso	hussoa	1
hauketiet	hautekiet	1
hawanee	avalyn	1
hebler	hessler	2
heehjaroen	heemjaroen	1
henry	henree	1
hhichanon	thichanon	1
hiranray	hiranrat	1
homchan	homjan	1
homer	homyen	2
hone	hong	1
hongsap	houngsap	1
hoonngam	ngam	1
hopapatpong	hopraphatphong	1
horward	howard	1
hotmail	homsil	1
huamueangwichian	huamoungvichien	1
hunnah	hannah	1
hussain	husain	1
iamtrakuk	iamtrakul	1
ibnusireen	aipnusiren	1
ilham	ailham	1
inchuenjai	incheunjai	2
ink	ing	1
inkrad	krad	1
intanet	intanat	2
intarngram	intarngarm	1
intasorn	intason	1
intira	inthira	1
intrawichean	intawichean	1
isarawadee	israwadee	1
ithirowech	itsirowech	1
itsars	itsara	1
itthi	itti	1
ittichet	itthichet	1
iyaras	iyares	2
jadeang	chadaeng	1
jaeukornpreecha	jarukornpreecha	1
jaichansukkij	jaichansukkit	1
jaishobdeeying	jaichobdeeying	1
jaisooksan	jaisuksan	1
jaitha	jaita	1
jakkal	jakhai	1
jakpetch	jakpet	1
jame	james	2
janaiun	janaium	1
jangkang	jangkatthong	1
jangthong	changthong	1
janjiras	chanjira	1
jannipha	jannipa	1
jansai	junsai	1
jantakun	janthakhun	1
janthawichi	janthawichai	1
janthong	jantong	1
jarajit	jerajit	1
jarapa	jarupa	1
jargon	jaewon	1
jariengpreasert	jariengprasert	1
jaroenrap	jaroensap	2
jaroensuk	jaroeysuk	1
jaroonsean	jaroonsang	1
jarrod	janrod	1
jatsada	jadsada	1
jatupoi	jatupol	1
jaturut	jaturat	2
jeangjerm	chiangchoem	1
jeayaree	jaeyalee	2
jeearsak	jeerasak	1
jeerapha	jirapha	1
jeetawat	jeerawat	2
jeevorakunnon	jeevoragulnont	1
jessadaporn	jadsadaporn	1
jiamruangjarus	jiamruangjaras	1
jiarasrisatian	jiarasrisatien	1
jilangga	jilanga	1
jiloa	jilao	1
jing	jin	1
jiranai	jiaranai	1
jiraporn	jiraphon	1
jirathaitring	jirathaitrong	1
jitsariwimol	jitsasiwimol	1
jiwatcharanukool	jiwatcharanukul	1
jomjai	chomchai	1
jongpanyawar	jongpanyawat	1
joysrakoo	joysraku	1
judapa	jidapa	1
julmakorn	julamakorn	1
jumrong	jamrong	1
junnu	jannu	1
junnukoon	jannukoon	1
junpen	janpen	1
juntad	chanthat	1
juntaget	janthaket	2
juntana	jantana	1
juraporn	jiraporn	1
jutamas	jutamat	1
juthamar	juthamat	1
juthamas	jutamas	1
kachnaphueak	khachinphueak	1
kaensee	khansee	1
kaeotan	keaotan	2
kaewdungchan	kaeodungchan	1
kaewkongmuanh	kaewkongmuang	1
kaewlekdee	kaewlakdee	1
kaewpranenee	kaewprapenee	1
kaewrunggruang	kaewrungruang	1
kalyrod	klayrod	1
kamdee	khamdee	1
kamklang	khamklang	1
kammalat	kamalas	1
kamollaphop	kamonlaphop	1
kamomthad	kamonthad	1
kamonkant	kamonkan	1
kampin	khampin	1
kamsuwan	khamsuwan	1
kanajan	kanjana	1
kanajanaporn	kanjanaporn	1
kanaokpich	kanokpich	1
kane	kaneh	1
kanitta	kamonmat	1
kanlayawee	kanyawee	1
kanpitaya	kanpittaya	1
kanraya	kanlaya	1
kansans	jansawang	1
kansao	kaensao	1
kantapong	kantaphong	1
kantcha	kanticha	2
kanthum	kantum	1
kantida	kanthida	3
kantita	kantitat	1
kanyapak	kanyaphak	1
kanyapha	khemyada	1
kanyapon	kanyapohn	1
kanyarut	kunyarat	3
kaosinun	kaosainun	1
kara	karawake	1
karan	kaewwang	2
karanchaok	karnchanok	1
karekangean	kaewkangwan	1
karinyaphong	karinyapong	1
karjana	kanchana	1
karla	larlua	1
karnjana	kanjana	1
karutat	garuetud	1
kasamsak	kasemsak	1
kasemsawas	kasemsawad	1
kasibut	kasiburt	1
katsuda	ketsuda	1
katwarang	ketwarang	1
kavlbars	kaulbars	1
kawasaki	kaewsai	1
keachakoen	kecharoen	1
keanchanom	kwanchanok	1
keangkamol	kianglom	1
keawkuntai	keawkumtai	1
keawmail	keawmali	1
kenrungrote	kenrungrod	2
keopasert	keopaserd	1
ker	kee	1
kerdsomnuk	keadsomnuk	1
kesarotayarn	kasarotayarn	1
kesorn	keson	1
kessler	ketsalee	1
ketiroenkun	ketjaroenkun	1
ketsada	katsada	1
khachaphm	khachaphrm	1
khaiwkhamchin	khiawkhamchin	1
khamkhueam	khamkhuean	1
khamsaeng	khamwong	1
khamsaisaing	khamsingsai	1
khan	kham	1
khanphasaeng	khanphrasaeng	1
khanthat	khanthamat	1
khantnong	khanthong	1
kheetha	kreetha	1
khemsrt	khamsri	1
khenaupara	kenaupara	1
khine	khin	1
khojeejun	kojeejun	1
khonesawanh	khonesavanh	1
khongborirak	kongborirak	1
khongchudee	khongchudi	1
khongsawengsap	khongsawengsup	1
khoohpeng	khoonpeng	1
khrueaaunnruen	khrueaaunruen	1
khumpairun	khumpairan	2
khumploy	khamploy	1
khunhkam	khungkam	1
khunnawat	kulnawat	1
khuttisa	khattisa	2
khwasakul	khwansakul	1
kiadtsak	kiadtisak	1
kik	kim	1
kilao	kulao	1
kim	khin	2
kimaokom	kimakom	1
kingachana	kingchana	1
kingdom	kongudom	1
kitisak	kittisak	1
kitken	kitkan	1
kittikawin	kittigawin	1
kittikul	kittikun	1
kittiphan	kittipan	1
kittipong	kitipong	1
kittiwatvarakon	kittiwatworakon	1
kittiyaporn	kittikaporn	1
klagkam	kladkham	1
klingosoon	klingosoom	1
klobklang	khoruamklang	1
klomkhuntod	klomkhunthod	1
kmapira	kampira	1
kmengit	kamengit	2
kobkol	kobkul	4
kogkarat	kongkarat	2
kokkaew	nokkaeo	1
konghai	jongjai	1
kongin	kong	1
kongkeaew	kongkaew	1
kongpop	kongphop	1
kongsup	kongsap	1
konthong	kontong	1
korakob	korakod	1
korapin	koraphin	1
korawan	korrawan	2
korngthabtham	korngthabthan	1
kornkamonwan	konkamonwan	1
korntummarangsri	konthamrangsi	1
kosak	korsak	1
kosengvichai	kosaengvichai	1
kotanin	kotanon	1
kotawee	khotawee	1
kotchapornjarakun	kotchapornjaratkun	1
kraigingha	kraisingha	1
kraiwinh	kraiwong	1
krasesom	krasaesom	1
krause	kraijak	1
kreift	krieft	1
krison	krisron	1
krissaaum	kritsaam	1
kritakarathon	kritakarathorn	2
kritmolkoson	kritmonkoson	1
kritsana	krissana	1
kritsasa	kritsada	1
kukliang	nukliang	1
kulawasu	kunlawasu	1
kullarida	kullatida	1
kulonphan	kusonphan	1
kumya	kumyan	1
kumyen	khamyen	1
kunwara	kanwara	1
kwangchanok	kwanchanok	1
lababat	ladadat	1
lader	ladee	1
laksanapang	lungsanapang	2
lalinlin	lallalin	1
lam	iam	1
lam	lim	1
lamdee	lamdeen	2
lana	jana	1
langley	lengjeh	1
laongsakun	laongsakul	1
lapanusorm	lapanusorn	1
laphatarada	laphatrada	1
lasatchariyaporn	laoatchariyaporn	1
laudthong	luadtong	1
laungpeerachai	luangpeerachai	1
leadchompu	lerdchompu	1
leaman	man	1
leekronsakul	leekrongsakul	4
leeyavnich	leeyavanich	1
lekeratt	lekaratt	1
leksakunchai	leksakulchai	1
lerthananont	lertthananont	1
liewsuwan	lewsuwan	1
likitkanjapokin	likitkanjanapokin	1
linn	lin	1
litchaitip	ritchaitip	2
llang	liangchue	1
lntha	intha	1
log	loh	1
lolkliangdi	laokliangdi	1
lotepong	loetpong	1
luangwongphaisai	luangwongphaisal	1
luksika	laksika	1
luktong	lakthong	1
lumphai	rumphai	1
lunon	junon	1
luttacha	luttachat	1
machae	majae	1
madbangron	madbangorn	1
madsalaeh	matsalaea	1
maenpannarsy	maenpannaray	1
mahanramak	mahantamak	3
maholan	maholarn	1
maiyodkiang	maiyodklang	1
makatan	makhathan	1
makjul	makjui	1
makkumnerd	makkamnoed	1
makpisanlnpong	makpisalnpong	1
manatsanan	manatsanun	1
manchu	manoch	1
maneejinda	manichinda	1
maneepantehcho	maneepanthecho	1
maneevat	maneewat	1
manewaan	maneewan	1
manggod	mueangkoed	1
manknong	mankhong	1
maorasri	moarasri	1
maphishansin	maphisarnsin	1
mareeyam	mariyam	1
marina	mareena	1
maror	masor	1
martin	marmin	3
marual	maruai	1
matawat	methawat	1
maunussanan	manassanan	1
maus	manus	1
maya	mya	1
mayer	yer	2
mayleen	merlin	1
medison	madison	1
meehan	meekamnil	1
meesang	meesaeng	1
mekaew	meekaew	1
melvin	malvin	1
menthisong	menthaisong	2
merchantman	meechamnan	1
methakijpattarakul	methakitpattarakul	1
methaporn	mathaporn	2
michael	michel	1
micheal	michel	1
miles	milem	1
min	minn	1
mingkhwan	mingkwan	1
mipengjan	miphengchan	1
missnuraimi	nuraimi	1
moklae	mohlae	1
monarch	ninarach	1
mongkonmit	mongkolmit	1
mongolina	mongkhonkham	1
mongsoongneon	mongsoongnoen	1
monkeaw	monkaew	1
monruedee	monrudee	2
monter	montee	1
mooingearn	moolngearn	1
moothita	muthita	1
mora	mola	1
mount	mounghwan	1
mousing	nousang	1
muensech	muendech	1
munda	munsap	1
mungkutpailin	mongkutpailin	1
mungpat	mungpath	1
munyeun	munyuen	1
nabadit	nabandit	1
naiyanedtr	naiyanadtr	1
nakam	nakham	1
nakjan	nakjun	1
nakkhararueng	nakkhararueang	1
nakkhot	narkkhot	1
nakorn	nagara	1
nakronthon	nakhonthon	1
nalumphun	lumphun	1
nam	num	1
namfom	namfon	1
naming	namwong	1
nanayeayeaung	aung	1
nang	nagn	1
nanglak	nonglak	1
nanoun	nanoub	1
nantana	nanthana	1
nantasak	nunthasak	2
naolkeaw	naolkaew	1
napadal	napadol	1
napahtson	naphatson	1
napat	naphat	1
naphaphon	naphaporn	1
napitchaya	napichaya	1
napussorn	napassorn	1
narawil	narawit	1
narintip	nalinthip	1
narisara	narissara	1
naritsara	narisara	1
naritsara	narissara	1
naruephom	naruephon	2
narumon	narumol	1
nasarer	nasaree	1
nasomkab	nasomkob	1
nataia	natalia	1
natakorn	nattakorn	2
natcha	nutcha	1
natchareeya	thawiraya	1
nathairka	natharika	1
nathnom	nathamon	1
natjanan	nutjanan	2
natnee	natee	1
nattaharn	nattakarn	1
nattahida	natthida	1
nattanan	nathanan	1
nattanicha	natthanicha	3
nattanita	nattanicha	1
nattapaphon	nattaphon	1
nattapaphong	nattaphon	1
nattaping	nattapong	1
nattapon	nuttapon	2
nattawan	nuttawan	1
natthapog	natthapong	2
natthapong	nattapong	3
natthatida	natthathida	1
nattida	natthida	1
navinter	navintar	1
nawasisingsirisakun	nawasingsirisakun	1
neenat	neeranat	1
nemongmolkuldilok	memongkolkuldilok	1
neoenlee	ngoenlee	1
neterada	naterada	1
netirangsriwatchara	netirangsiwatchara	1
newanes	newales	1
ngoeny	ngoenyaem	1
ngoh	goh	1
niasai	nissai	1
nichakamon	nitchakamon	1
nico	nicola	1
nilkhit	nilkit	1
niparorn	nipaporn	1
nirin	nilin	1
niritsars	niritsara	1
nisaphoh	nisaphon	1
nitaya	nittaya	1
nitchapol	nichapol	2
nitikittiwat	nutikittiwat	1
nitizak	nitisak	1
niwattanakorn	niwatthanakorn	1
nlkoth	nikoth	1
nobpadlo	nobpadol	1
nojee	noojee	1
nokgasam	nokgasem	1
nol	noi	1
nongnapat	nongnaphat	1
nongnuch	nongnut	1
nonkeaw	nonkaeo	1
nonthanaphat	nontanaphat	1
nopadol	noppadol	2
nopadol	nopadon	1
nopteepkugwan	nopteepkungwan	1
norapa	norapat	1
northwest	northow	1
notarnicila	notarnicola	1
nsreeya	nasreeya	2
nthabutr	inthabutr	3
nualpuem	nualpluem	1
nuansonthi	nuangsonthi	1
nuantlr	nuantul	1
nudin	nudit	1
nudtakridta	nuttakridta	1
nuntiput	nunthiphat	1
nurnassames	nurnassamee	1
nutchaporn	natchaporn	1
nutnarawee	natnarawee	1
nuttalinaa	nuttalinee	1
nuttaphoi	nuttaphol	1
nuttawat	nuttawut	1
nuttawut	nattawut	1
nutthakorn	natthakorn	1
nutthawut	natthawut	1
obon	obom	1
ojchariyakuk	ojchariyakul	2
onannong	onanong	1
onanong	anong	1
onart	onaut	1
onnnicha	onnicha	1
ophaspong	opaspong	1
osama	osamah	1
ouatama	oudtama	1
oudthajic	oudthajid	1
ounjainam	ounjainum	1
oyaswat	oysawat	1
pabadda	panutda	1
pad	phat	1
padcharin	padcharee	1
pahtchara	phatchara	1
pakdesakulwong	pakdeesakulwong	1
pakornkiat	pakonkiad	1
paksiripatcharakun	paksiripatcharakul	1
paksombat	paksompat	1
palachai	pilachai	1
palawan	phakawan	1
pallin	palin	1
palyamol	pulyamon	1
panadteps	panadtep	1
panapitaakul	panapitakkul	1
panaudim	panaudom	1
panay	panat	1
panchareun	pancharoen	1
panda	panna	1
pangsritong	prangsritong	1
panisara	panitsara	1
panita	pranita	1
panja	punja	1
pankhuankhat	pankhueankhat	1
pannapat	phannaphat	1
pannathat	that	1
panomsawat	panomprai	1
panpicoa	panpikro	1
pantayot	pantayod	1
panwadwe	panwadee	1
panyaraun	panyaruean	1
panyarum	panyaram	1
panyawai	punyawai	1
papaiwan	pataiwan	1
papatthorn	papatthron	1
paphangkorng	paphangkorn	1
papon	papol	1
parasite	nooprasit	1
parcharin	patcharin	1
pareploy	praeploy	1
parkhom	prakhom	1
parking	praking	1
pasina	panisa	2
passachon	patsachon	1
pasutakamonmalee	pasutakomonmalee	1
patamporn	patamaporn	1
patcharaphol	phatcharaphol	1
pathanun	patthanun	1
pathomporn	patomporn	1
patinga	patinya	1
patipoom	patiphum	1
pattaranawik	phatharanavik	1
pattaranit	pattranit	4
pattarateerakun	pataraterakul	1
pattareeya	pattreeya	1
pattawan	pattawat	1
patthamaluk	pattamaluk	1
patthong	pattong	1
pattom	pudtom	1
pattpong	patpong	1
pattraporn	pattraphorn	1
pattraporn	putraporn	1
pattraporn	pattaraporn	1
paweenpat	paweenrat	1
pawhawarin	paphawarin	1
pawinee	phawinee	1
payayam	phayayam	1
payton	payom	1
pealrada	peerada	1
peangkaew	pengkaew	1
peansaart	paensaart	1
pedermchock	padermchock	1
peerapat	peeraphat	1
pehtchan	phetchan	1
pemikar	pemika	1
pemsopha	pemsopa	1
penguin	pengfueai	1
penpithca	penpitcha	1
pensukprom	pensookprom	1
petchpornk	petchporn	2
petchsongkram	petchsongcram	1
petkhan	phetkhan	1
pganmee	phanmee	1
phachakorn	prachakorn	1
phaengsti	phaengsri	1
phaikao	faikhao	1
phailintak	phailin	1
phakamas	phakamat	1
phakhai	phokhai	1
phakhporn	phakhaporn	1
phalaphone	phalaphon	1
phamornprasort	phamornprasert	1
phankiew	phankiaw	1
phantun	phanrun	1
phanuchayanuban	phanichayanuban	1
phanyanipon	phatyanipon	1
phaokanta	phaokantha	1
phapa	prapha	1
phapimol	phapimon	1
pharmaha	phramaha	1
phathakkasit	phakkasit	1
phathista	pathitta	1
phatranis	phathranis	1
phatsanit	phatranit	1
phattamke	phattamake	1
phattanaronglert	phattananaronglert	1
phattaraphong	phattarapong	1
phattararorn	phattaraporn	1
phattarathida	phattharathida	1
phattarawadee	phattharawadee	1
phattharasathainchai	phattharasathianchai	1
phiangchaiwong	piangjaiwong	1
phichakorn	phitchakon	1
phichaya	phitchaya	1
phichchapa	pichchapa	1
philin	phailin	1
phipatpon	phiphatpon	2
phisuttiwongchai	pisuttiwongchai	1
phittayakorn	phitthayakorn	1
phlayharn	phlaylaharn	1
phohiyok	photiyok	1
pholyiam	phonyiam	1
phongkaso	phongkasor	1
phongkraphan	phongphan	1
phonphilin	phonphailin	1
phonsaengsai	phomsaengsai	1
phonsamouth	somsamouth	2
phoonwasinmongkol	phoonwasinmongkhon	2
phopho	phophong	1
phoreng	phoroeng	1
phornchanjn	phornchanun	1
photasagng	photasaeng	1
photos	photha	1
phramaha	pra	1
phravaddhanavajiramedi	phravaddhanavajiramedhi	1
phromwum	phromwun	1
phuakphong	paukpong	1
phuakwatthana	phuakwattana	2
phuanghom	phunghom	1
phuarunwat	pharunwat	1
phuenhphra	phuengphra	1
phujamnian	phoojamnian	1
phumidandin	pumidandin	1
phummeephoemphunsap	phumeephoemphunsap	1
phummikat	phumikat	1
phumphet	phumpet	1
phunyanud	punyanud	1
phupan	chupan	1
phuteenpha	phooteenpha	1
phutikarnjanakul	chutikarnjanakul	1
phuttarawadee	phuttarawadees	1
phuttathan	phuttaphan	1
phutthithaithirathon	putthithaithirathon	1
phuwadol	phuvadon	1
pichayut	pitchayut	1
picheansunthon	pichainsoonthorn	1
pihrisa	pirisa	1
piitnan	pitinan	1
pijittra	phijittra	1
piluk	pikul	1
pimpahaka	pimphaka	1
pimpakan	phimphakan	1
pimtusorn	pintusorn	1
pingyadarud	pingyadarat	1
pinot	pinit	1
pint	pin	1
pinthong	pintong	1
pisanu	pitsanu	1
pitakpong	pitakphong	1
pitchapa	pichchapa	2
pitchyapa	pitchayapa	1
pitchyawee	pitchayawee	1
pitikon	pitikorn	1
pitirachanon	pitiratchanon	1
piyamaporn	piyamabhorn	1
piyamonkonrassamee	piyamongkonrassamee	1
piyanay	piyanat	1
piyaphat	piyapat	1
piyaphiphathanamongkok	piyaphiphathanamongkol	1
plasanvutikorn	prasanvutikorn	1
plienprem	plianprem	1
ploklang	phoklang	1
pmphon	amphon	1
pnenphan	phenphan	1
poboonthiti	piboonthiti	1
pochana	phochana	1
podsawe	potsawee	1
poemchai	poemluechai	1
poikeaw	pookaew	1
polam	ponlam	1
polthirach	phonthirat	1
pomprapote	pimprapote	1
pongchangyoo	phongchangyoo	1
pongnirimai	pongniramai	1
pongpala	phuangpala	2
pongpatra	pongpetra	1
pongphisut	phongphisut	2
ponlawat	pollawat	1
poolsawat	poonsawat	1
poolsiri	phunsiri	1
poompapee	poomrapee	1
poomrid	poomrit	1
poonggam	poonngam	1
pootanet	phutanet	1
pornphisut	pornpisut	2
pornsavan	phonsawan	1
pornthreera	porntheera	1
posaawee	possawee	1
pothachun	pothachan	1
pradap	pradab	1
praditukkrit	praditukrit	1
prakad	prakard	1
prakhong	prakhrong	1
prapachaimongcol	prapachaimongkol	1
prapan	papan	1
prapraiporn	prapraiphon	1
prapraw	praprow	1
praramet	poramet	1
prasansiang	prasansaing	1
prasertsheewa	prasertcheewa	1
prathomphanakun	prathomphanakul	1
prawit	pawit	1
prayuth	prayut	1
preepat	preephat	2
preradon	preeradon	1
preranut	peeranut	1
preset	prasert	1
primer	prathumkesorn	1
primping	phimpong	1
prisana	pritsana	1
priwam	priwan	1
prnmduang	promduang	1
profiting	prosritong	1
prom	promma	1
promchart	prumchat	1
promkaew	phromkaew	1
promkwaew	promkaew	1
promsee	phromsri	1
promsupha	promsuha	1
promtong	phromthong	1
pronsawan	pornsawan	1
proycharoen	proychareon	1
prrravit	peeravit	1
puangsom	puangson	1
puanpen	puangpen	1
puichya	purichaya	1
punada	punasa	1
punjarut	punjarat	1
punphitut	punphisut	2
puntika	panthika	1
putsorn	phutson	1
puwadet	phuwadet	1
raakpoom	paakpoom	1
raephet	raepech	1
raisins	taisuna	1
rakkiatsukul	rakkiatsakul	1
raknakuan	raknakhuan	1
rakpia	rakpai	1
raksachan	raksajan	1
raksavong	raksawong	1
ramada	ramida	1
rara	rarapang	1
ratanapradit	ratanapradid	1
ratchaadaporn	ratchadaporn	3
ratchadar	ratchata	1
ratchalerm	rachchalerm	1
ratchata	rachata	1
ratchenee	ratchanee	3
ratcheting	rachiwong	1
ratree	ratri	1
rattananuppong	rattananupong	1
rattanasiri	ratanasiri	1
rattanataephe	rattanateaphe	1
rattanavareewong	rattanawareewong	1
rattnaparpha	rattanaprapha	1
rattnasri	rattanasri	3
rattphat	rattaphat	1
raweechok	raveechok	1
rean	raen	1
reganekimwee	regaenkimwee	2
reger	roger	1
rettanaporn	rattanaporn	1
rewar	rewat	1
rilanthioun	rilanthikoun	1
rinrada	rinlada	1
rittiwong	littiwong	2
rodjanabumrungwong	rojanabumrungwong	1
roekphattana	roekprathana	1
rohitsu	rohitsuk	1
roman	romyen	1
ronld	ronald	1
ronnachai	ronachai	1
ropah	ropiah	1
ropkob	robkhob	1
rosch	roesch	1
rsngsanti	rangsanti	1
ruangkasem	ruengkasem	2
ruanma	ruenma	1
ruengsuk	rueangsuk	1
ruensumrit	ruensamrit	1
rugrojpaisankun	rungrojpaisankun	1
rukkusol	rakkusol	1
rungrueng	rungrueang	1
running	ruenprong	1
saban	suban	1
sabina	sabine	1
saechio	saejiw	1
saekoa	sae	1
saekok	kok	1
saenchaiwut	sanjaiwut	1
saengbangmudgbangmud	saengbangmud	1
saengboon	sangboon	1
saengboon	saengbun	1
saengow	seangow	1
saennonkam	saennonkham	1
saetiew	saetiaw	1
saeting	saethang	2
saeyang	saejang	1
saeyer	saeyee	1
saichomsri	saichomsee	1
saison	saisopon	1
saitharn	saythar	1
saithing	saithong	1
sakawnduean	sakawduean	1
sakkamjorn	sakkamjon	1
saksombt	saksombat	1
sakulwech	sakulwet	1
sakunarubpher	sakunarunphet	1
sakunhirandiloat	sakunhirandiloet	1
saleahwea	salaehwae	1
sali	sari	2
salinee	sarinee	1
salvatote	salvatore	1
samaae	smaae	1
samchaya	samatchaya	1
samgutai	sangutai	1
samneang	samniang	1
samrual	samruai	1
sanegpet	saengpet	1
sangairipaisan	saengsiripaisan	1
sangam	sawaengnam	1
sangchatphu	saengchatphu	1
sangiamngam	ngiamngam	1
sangkharrak	sangkharak	1
sangria	sangwian	1
sangsahwat	sungsahwat	1
sangunwongchai	sanguanwongchai	4
sanhan	sandet	1
sanloeng	samloeng	1
sanmun	sanmoou	1
sanran	saran	1
sansiri	sonsiri	1
santiwaranun	santiworanun	1
sanudda	sunudda	1
saoworn	saiworn	1
saranya	sarunya	1
sarasak	surasak	1
sarawaut	sarawut	1
sarayoot	sarayut	1
sareedah	sareedeh	1
sareetho	sareeto	1
sarfang	saefang	1
sari	sali	1
sarikan	sirikan	1
sarinay	sarinya	1
sariy	sariya	1
sarsapa	sarapa	1
sarunthorn	saranthorn	1
sasaengsumart	saengsumart	1
sasiprapa	sasiprapha	1
sasithron	sasithorn	1
sasuthorn	sasithorn	1
satami	satamai	1
satayavirut	satayawirut	1
sawanrat	suwanrat	1
sawasdee	swasdee	1
sawengchai	sawaengchai	1
sawsawan	sawsawun	1
sawyang	saeyang	1
saymai	saimai	1
seachiang	saechiang	1
seafow	saefow	1
seahgboonruang	saengboonruang	1
sealam	saelam	1
seangklang	saengklang	1
seangthong	saengthong	2
seaoueng	saeoueng	1
sedek	sedeh	1
seeds	seeda	1
seeming	seenong	1
seeook	seesook	1
seksun	sekson	1
sengsavannh	sengsavanh	1
seoisong	sroisong	1
seriwatta	sariwatta	1
serpiram	sripirom	1
setsrl	setsri	1
setsrtl	setsrl	1
settawut	setthawut	1
setthip	settip	2
setttawut	setthawut	1
settthawut	setthawut	1
shew	shwe	1
shin	shih	1
siam	sian	1
siddhart	siddharth	1
sikaharin	sikharin	1
silaporn	silaphon	1
silirak	sirilak	1
silphoukham	siliphoukham	1
simkiat	somkiat	1
simparat	simparak	1
sinbankerd	sinbangkerd	1
sinfhucharoen	sinthucharoen	1
singapore	singtosiri	1
singhapan	singhaphan	1
singkeaw	singkaew	1
singsong	singdong	1
sinijjasub	sinkijjasub	3
siniya	suniya	1
sinsuk	sinsook	1
siraipassorn	siripassorn	1
sirawiwich	sirawich	1
sirays	siraya	1
siri	sriri	1
sirikarn	sirikan	1
sirinporn	siriporn	1
sirinut	sirinat	1
sirinyaapon	siriyapon	1
siriphanich	siripanich	1
siripoong	siripong	1
siripunya	siripanya	1
siriruk	siriruck	1
siriruk	sirisuk	1
siriseangchaikun	sirisaengchaikun	1
siriwan	sirawan	1
siriya	suriya	1
siriyaporn	siriyaphon	1
sirpa	siripa	1
sising	srising	1
sites	sitee	1
sithar	srita	1
sithissurin	sithisurin	1
sitikamon	sittikamol	1
sitthikan	sittikhan	1
sitthirangsinapa	sitthirangsinapra	1
sittichok	sittichock	2
sittipat	sitthiphat	1
skasura	saksura	1
skol	sakol	1
skulwongsa	sakulwongsa	1
snagasilpa	sngasilpa	1
snitprem	sanitprem	1
soikaew	sroikaew	1
somatat	somatut	1
sombat	hansombat	1
somdej	somdaj	1
somjip	somjit	1
sompong	somphong	1
somporm	somporn	1
sompron	somporn	1
somrudes	somruedee	1
somsoongnoeen	somsoongnoen	2
somyos	somyod	1
somyos	somyot	1
songhai	songkrao	1
songsriin	songcharoen	1
sonroek	somroek	1
sontithaum	sontituam	1
soonhow	soonhaw	1
soonthoonpetpan	soonthonpetpan	1
soontormmueang	soontornmueang	1
soparak	sopharak	1
soukham	soukkham	1
souliasack	souliyasack	1
souliphap	souliphab	1
soulithuat	soulithat	1
sriikijkarn	srikijkarn	1
srikham	srikhum	1
srikhom	srikham	1
srimamon	srikamon	1
srimongklo	srimongkol	1
srinial	srinual	1
srinuaiin	srinualin	1
srioni	srinoi	1
sripari	sriprai	1
sripukdee	sripakdee	1
sripun	sripan	1
srirueang	srirueng	1
srivara	sriwara	1
sriwichai	srivichai	4
sriwunta	sriwantha	1
sroch	saroch	1
stichanto	srichanto	1
stisuwan	srisuwan	2
stitaboot	sritaboot	1
sttipprapha	suttiprapha	2
suapatchara	supatchara	1
subtaweevain	subtaweevasin	1
sudai	sudjai	1
sudjatham	sudjaitham	2
sudwan	sudawan	1
suhuk	suhor	1
sujanya	sukanya	1
sujtta	sujitta	1
sukanyu	sukanya	1
sukchasri	sukchaisri	3
sukchuensri	suckchuensri	2
sukjareonkraisri	sukjaroenkraisri	1
sukljsopon	sukijsopon	1
suknil	suknin	1
sukunya	sukanya	1
sulawesi	suksawaeng	1
sulkifli	zulkifli	1
sumalee	suwalee	2
sumanony	sumanont	1
summittra	sumittra	1
summons	summana	1
sunanta	sunantha	1
sunanta	surangkana	1
sunchit	sanchit	1
sungsinchai	sangsinchai	1
supaeadi	supawadi	1
supan	suphan	1
supansa	supunsa	2
supatra	supathra	1
suphannut	suphanut	1
suphansa	supansa	1
suphattra	suphattar	1
suphidut	suphisut	1
suppaluk	suphalak	1
supukttra	supuktra	1
suraree	sunaree	1
surinthip	sirinthip	1
suriyawongkam	suriyawangkam	2
susan	suwannaphet	1
susolthammarat	kusolthammarat	1
sutapong	surapong	1
suthaporn	sutaporn	1
suthathinee	sutatinee	1
suttada	suttida	1
suttathikun	suttathikhun	1
sutthiponwat	sutthiphonwat	1
suttima	suttimal	1
suttita	sutthita	1
suttiwaee	suttiwaree	1
sutto	sutho	1
suvit	suwit	1
suwabee	suwadee	1
suwannarak	suwannaruk	1
suwannasiri	suwansiri	1
suwipa	suwipha	1
suwnnai	suwanno	1
sysoiyhame	sysouthame	1
taengpgat	taengphat	1
takio	takuo	1
taksin	thaksin	1
talt	taly	1
tanakit	tanakrit	1
tanamas	thanamat	1
tananchai	thananchai	1
tanatorn	thanathorn	1
tangisaravuthikool	tungisaravuthikool	1
tanjaroen	tunjaroen	1
tanooson	tanoosorn	1
tanpisid	tunpisid	1
tantisuntorn	tantisunthorn	2
tanyakak	tanyalak	1
tao	yao	1
tarpuin	tarquin	1
tassaya	tussaya	2
taweewit	taveewit	2
teachrak	teacharak	1
teankhun	thaenkhun	1
teawlertlaa	teawleartlaa	3
tecchasitbunyarat	techasitbunyarat	1
techaapichok	techaapichoke	1
techapakon	techapakorn	1
techatrat	techarat	2
teeesasak	teerasak	1
teemueangsai	teemauengsai	1
teepeakorn	teeprakorn	1
teeraporn	teerapron	1
tempeam	tampeam	1
tensuk	pensuk	1
tepnimit	tapnimit	1
teptawee	taptawee	1
tethong	thithong	1
tgongmangkorn	thongmangkorn	1
thabuakhum	thabuakham	1
thai	ainthai	1
thai	uthai	1
thamasarn	thammasarn	1
thammarawet	thammarowet	1
thammawiset	thamwiset	1
thamomwan	thamonwan	1
thamonshitar	thamonchita	1
thamsara	thamsaro	2
thanabodee	thanabodi	1
thanakit	tanakit	2
thanakon	thanakorn	1
thanakrit	thanaikrit	1
thanapon	thanaphon	1
thanapron	thanaporn	1
thanaung	thanarung	1
thanawin	tanawin	1
thangpradidchai	tangpraditchai	1
thangsai	thongsai	1
thanyaphor	thanyaphon	1
thanyarut	thunyarat	1
thanyathio	thanyathip	1
tharasir	tharasri	1
thassanaporn	thassanapron	1
thaweeaphiradeesuebkun	thaweeaphiradeesuebkul	1
thawornsuwon	thawornsuwan	1
theeeawat	theerawat	1
theeraporn	thiraphorn	1
theparsa	arsa	1
thepbundid	tepbandid	1
thepphitaksak	theppitaksak	1
thespian	thepsuwan	1
thewasirichochai	thewasirichokchai	1
thicha	dhicha	1
thiengtum	thiengtham	1
thingthaweekiat	thongthaweekiat	1
thipcahi	thipchai	1
thippawan	thipphawan	1
thisall	thosakul	1
thiti	thati	1
thitigorn	thitikorn	1
thitiphaphat	thitipaphat	1
thitiphat	tithipatr	1
thitiwanms	thitiwan	1
thongachai	thongchai	1
thongboriboon	thongboribun	1
thongchap	thongsap	1
thongchareon	thongcharoen	1
thongiuan	thongluan	1
thongkong	tongkong	1
thongneab	thongnaeb	1
thongngamdee	tongngamdee	1
thongprasert	thongparsert	5
thongthawee	thongthavee	2
thonrath	thonrat	1
thunchanook	thunchanok	1
thungwaen	thungwean	1
thunputdom	thunphutdom	1
thunyakhunnapong	thunyakunnapong	1
thurdklattisak	thurdkiattisak	1
tiamyou	thiamyom	1
tipmongkon	tipmongkhol	1
tipmonkol	tipmongkol	1
tirayut	tirayud	1
titi	thiti	2
tiwaporn	thiwaporn	1
tonemongkol	thonemongkol	1
tonganan	tonganun	2
tongtahmnaayudhya	tongtahm	1
tossapon	thodsaphon	1
totaporn	titaporn	1
tothong	tohthong	1
towmor	tawmor	1
treewai	treewi	2
tripod	tripop	2
troncharean	throngcharean	1
ttrojchanakit	tetrojchanakit	1
tuanfatimah	tuanfatimoh	1
tuannurmee	tuannurami	1
tudsaychol	tadsaychon	1
tullawit	tunlawit	1
tumpech	tumpetch	1
tungthong	rungthong	1
tunporn	utraporn	1
tuntre	tuntra	1
tunyapon	tanyapon	1
turarat	jurarat	1
tuttawichai	yuttawichai	2
uaekan	ueakan	1
udomdak	udomsak	3
udomrattanayothin	udomrattanayotin	1
uparakhom	uparakom	1
ural	urai	1
uten	uthen	1
uthia	uthai	1
utsahata	utsakata	1
vailailuk	vilailuk	1
vanijyananda	vanijayananda	1
vannaphachoopong	vannabhachoopong	1
varanun	varanan	1
varaphon	voraphon	1
varisara	varitsara	1
varunya	warunya	1
vassannsiri	vassanasiri	1
vdoludwig	udoludwig	1
veerapong	weerapong	1
veerinphimol	veerinpimol	1
vennaothong	vennaotong	1
viagchaiyapoom	viangchaiyapoom	1
vicchayaphong	witchayapong	1
vijittra	wijittra	1
vinans	winans	1
vipanon	wipanon	1
viset	wiset	1
visitors	visuttisiri	1
vittayanum	vittayanun	1
vongjoi	vongjoy	1
voranattakit	voranuttakit	1
vorapan	vorapun	1
vorrasak	vorasak	1
wachiraporn	wachiraphorn	1
wahap	wahab	1
wang	wene	1
wangngoen	wangngen	1
wanicha	wanitcha	1
wanishjirawat	wanichjirawat	2
waranya	warunya	1
waraporn	varaporn	1
wareerat	vareerat	1
warenee	warunee	2
warid	waris	1
warinton	warinthon	1
warisra	varisa	1
warunya	waranya	1
warunyu	waranyu	1
warytya	waratya	1
wasantavisuwat	wasantawisuwat	1
wasisa	warisa	1
wassan	wassana	1
wassana	watsana	3
wassana	vatsana	1
watanukul	watanakul	1
watchare	watchara	1
watchatee	watcharee	1
watchraphon	watcharaphon	1
wattana	watthana	1
wattannamatee	wattanamatee	1
watunya	watunyu	1
way	wai	2
wchai	wichai	1
wcrrachin	worrachin	1
wei	wai	1
whojanaporn	phojanaporn	1
wiangkamol	wengkamol	2
wichaphool	vichaphool	1
wichianchotiwatin	wichianchotwatin	2
wijttira	wijittra	1
wilawam	wilawan	1
winitjuratouch	winitjiratouch	1
winthachai	wintachai	1
wiphapron	wiphaporn	1
wiraporn	wilaporn	1
wisasia	wisasin	1
wisuttisen	wisutthisen	1
withaya	vithaya	1
wittawatkangwan	wittawatkungwan	1
wittayakorn	wittayanukorn	1
wiyadaret	wiyadarat	1
wongboonkiat	wongbunkiat	1
wongsripuek	wongsriphuek	1
wongwarit	wongvarit	1
worawattanamete	worrawattanametee	3
worrarat	worarat	1
wunnapoung	wunnapong	1
wutikral	wutikrai	1
wutrirunroj	wutriranroj	1
yanaphat	yanapat	1
yanothai	yanotai	1
yanothat	yanothai	1
yanwirojkul	yanwirotkun	1
yaovapa	yavapa	2
yaowappa	yaowapa	1
yapaporn	yupaporn	1
yarangsiri	yarangsri	1
yeekum	yikum	3
yenrudee	yenruedee	1
yes	yeo	1
yodwain	yodwian	1
yonrada	ynlada	1
yossapat	yotsaphat	1
yothakhun	yothachun	1
yupin	yuphin	1
yuvanun	yuwanan	1
zhiqing	zhiqiang	1
