aan	an	1
aboullah	abdullah	2
an	tan	1
an	anh	1
anb	anh	1
ang	anh	2
anh	an	3
anh	oanh	3
anh	yen	2
anh	manh	2
anhh	anh	5
ann	anh	5
bbui	bui	1
binh	bich	1
buu	bui	1
cac	cat	1
chang	jang	1
chinh	trinh	1
chong	choong	1
christinae	christiane	1
chu	cu	1
chung	trung	1
cong	khanh	1
cristna	cristina	1
cuomg	cuong	1
dang	thanh	2
dang	danh	1
dang	trinh	1
danh	dang	1
dao	doan	1
dao	giao	1
dap	dao	1
daphane	daphne	1
dep	diep	1
diep	hiep	1
dieu	diu	1
dieuly	dieu	1
ding	dung	1
dmitry	dmtrii	1
dnh	dinh	1
doa	doan	1
drod	dror	1
duclong	long	1
dun	dung	1
dung	trung	1
dung	nhung	1
dung	tiendung	1
duong	hduong	1
duonh	duong	2
duyanh	duy	1
eain	eaint	2
erik	eric	1
ghoi	choi	1
giang	gang	1
gianh	giang	1
guyet	nguyet	1
ha	han	3
ha	hoa	1
ha	hai	1
hae	hea	1
hai	hao	1
haoi	hoai	1
hau	han	1
hauhana	houhana	1
hecty	hesty	1
heo	hoe	1
hhuyen	huyen	1
hien	huyen	1
hien	hen	1
hiep	diep	1
hoa	thoa	2
hoa	ha	1
hoa	hoai	1
hoag	hoang	1
hoai	thoai	1
hoang	huang	2
hoang	hoai	2
hoang	hwang	1
hoang	phuong	1
hoang	hong	1
hoang	anh	1
hoangtien	hoang	1
hoanh	hoang	4
hoanv	hoang	1
hong	hoang	2
hong	huong	1
hsih	shih	1
hu	huu	1
hua	huu	1
hue	hua	2
hunh	hung	1
huong	thuong	3
huong	phuong	2
huy	duy	3
huy	quy	1
huyen	hoang	1
huyen	xuyen	1
huymh	huynh	2
huynh	yen	1
hyunh	huynh	1
jame	james	1
jamili	jamali	1
jaylen	jalen	1
jea	jae	1
jia	zai	1
joae	jose	1
jui	hui	2
k	khoi	1
khac	hac	1
khan	khanh	1
khang	khanh	1
khanh	khang	5
khanh	linh	1
khann	khanh	1
khoinguyen	nguyen	1
kiem	kim	1
kik	kim	1
kim	kiem	2
kin	kim	1
kk	k	3
la	lan	1
lan	lau	1
lan	loan	1
lanms	lan	1
lho	ho	1
lien	tien	2
lin	lien	1
ling	long	1
loan	lan	2
luang	liang	1
luon	luong	2
mai	dai	1
mang	manh	3
mathew	matthew	1
matthew	mathew	1
mguyen	nguyen	1
mi	my	2
mien	men	1
mimh	minh	1
min	minn	1
ming	minh	1
minh	linh	1
minh	anh	1
minh	dinh	1
mtong	tong	1
munthe	mun	1
my	mi	1
myy	my	1
ngan	han	1
ngi	nghi	1
ngiyen	nguyen	1
ngo	ngoc	1
ngoc	nguyen	2
ngon	ngoc	1
nguen	nguyen	6
nguoc	phuoc	1
nguuen	nguyen	2
nguuyen	nguyen	2
nguy	nguyen	1
nguye	nguyen	4
nguyeh	nguyen	1
nguyem	nguyen	1
nguyen	nguyet	1
nguyen	nhu	1
nguyen	ngan	1
nguyen	tien	1
nguyen	ngoc	1
nguyen	thuyet	1
nguyen	uyen	1
nguyen	nghiem	1
nguyen	huynh	1
nguyenthi	nguyen	1
nguyey	nguyet	1
nguyn	nguyen	1
nguynn	nguyen	1
nguywn	nguyen	2
nguyyen	nguyen	1
ngyen	nguyen	4
ngyuen	nguyen	1
nha	nhan	2
nha	nga	1
nha	nhat	1
nhan	nhai	2
nhan	ngan	1
nhat	nhut	3
nhi	nhu	1
nhi	nhy	1
nhiem	nhien	1
nho	ngo	2
nhu	thu	2
nhuyen	nguyen	1
nnguyen	nguyen	1
noam	nam	1
noam	nguyen	1
nong	lang	1
nui	nuoi	1
nuyen	nguyen	2
oanhnguyenthi	nguyen	1
oann	oanh	2
ong	phuong	3
ong	thanh	2
ong	anh	2
ong	hong	1
ong	huynh	1
ong	hang	1
ong	nga	1
ong	thong	1
ong	duong	1
opham	pham	1
park	pack	1
pha	pham	1
pham	phan	10
pham	tan	1
pham	thanh	1
phan	pham	7
phan	thahnh	1
phma	pham	1
phong	dong	2
phuong	huong	2
phuong	thanh	2
phuong	hoang	1
phuonh	phuong	1
phuonng	phuong	1
phuonv	phuong	1
picket	pickett	1
quan	quang	1
quanh	quang	4
quanh	quynh	1
que	hue	1
qui	quy	1
quuynh	quynh	1
quy	qui	5
quyng	quynh	1
quynh	huynh	2
quynn	quynh	1
rid	ridwan	1
robin	ronbin	1
sangmuxay	sangmexay	1
seyeong	soyeong	1
shen	hsien	2
shih	shi	1
shimomo	shimono	1
si	sy	6
sithsaribouth	sithisaribouth	1
so	son	1
soan	doan	3
som	son	1
soukaomphone	souksomphone	1
suetro	sueiro	1
sy	si	4
tam	tom	1
tan	tuan	2
tan	tam	1
tek	teck	1
th	thao	1
thaithungan	ngan	1
thang	thanh	5
thanh	tuyen	1
thanh	thang	1
thanh	thach	1
thanh	dong	1
thanh	tam	1
thanh	duong	1
thanh	hong	1
thann	thanh	1
thanon	osathanonda	1
thao	hao	2
thao	tsao	1
that	nhat	1
the	te	1
thien	then	1
thiet	triet	1
thikimphung	phung	1
thingochuyen	ngoc	1
thithanhtruc	truc	1
thithuy	thuy	1
thituyetly	tuyet	1
tho	thong	1
thoa	tho	1
thu	thao	3
thu	thuy	3
thu	vu	1
thua	thu	1
thua	thuan	1
thuan	tan	1
thuh	thuy	1
thuu	thuy	1
thuy	shui	1
thuykimkhanh	khanh	1
tien	tuyen	1
tien	tan	1
timothe	timothy	1
tin	tinh	1
tiyet	tuyet	1
toan	hoan	1
ton	toan	1
tonhu	nhu	1
tra	tran	2
tram	tran	2
tram	trang	2
tran	trang	2
tran	trung	1
tran	khanh	1
tran	than	1
tranc	trang	1
trang	chang	2
tranh	trang	2
tranh	chanh	1
trien	trieu	1
trieuu	trieu	1
tring	trinh	1
trinh	tinh	1
trinn	trinh	1
tromg	trong	1
trung	dinh	1
trung	chung	1
trungmr	trung	1
trunh	trinh	1
truonh	truong	1
truy	thuy	1
ttay	tay	1
tuan	thuan	3
tuquyet	lytuquyet	1
ty	ti	1
tyffany	tiffany	1
vainblatv	vainblat	1
vang	giang	1
vanngon	ngon	1
vanphuc	phuc	1
vi	vy	4
vi	viet	1
vien	nguyen	1
vui	vu	1
vuvuvietc	vuvietcuong	1
vy	vi	6
xim	sim	1
xuan	son	2
xuannguyen	vunguyenxuan	1
yan	yen	1
yen	uyen	1
you	youwen	1
young	doyoung	2
yy	y	1
zheng	zhen	1
