aangsinco	angsinco	1
aceves	acebes	1
acoi	acio	1
adalawan	adlawan	2
adrille	adrielle	1
aero	earo	1
ahajan	arajan	1
aldwinc	aldwin	1
aleligan	aleligay	1
aljdo	aldjo	1
aljon	aljo	2
alsonso	alfonso	1
alther	althea	1
ambrocio	ebrio	1
andrei	andrie	1
andurahman	abdurahman	1
anelica	angelica	1
angelo	abella	1
ann	anne	1
annems	anne	1
ansao	ansano	1
avieto	aviento	1
baluyut	baluyot	1
bdaang	daang	1
beberlyn	bevelyn	1
belrano	beltrano	1
biason	bianson	1
bogart	bhogart	1
bokharymapandi	mapandi	1
bornales	bernales	1
bulgarin	bugarin	1
burnavides	buenavides	1
buser	buyser	1
caesr	caesar	1
calderon	cayetano	1
caratagena	cartagena	1
catiner	catoner	2
chelli	chellie	1
christina	cristina	1
ciarra	ciara	1
cindi	cinde	1
cocacdiz	cocadiz	1
concepcon	concepcion	1
crisostommo	crisostomo	1
custodio	custodia	1
dancala	dancalan	1
davus	davis	1
dele	dela	1
deliapardo	pardo	1
dianne	diana	1
digas	degas	1
domingo	lorenzo	1
dominque	dominique	1
drac	draco	1
edita	editha	1
edwardo	eduardo	1
elizabethms	elizabeth	1
erica	ericah	1
erielle	errielle	1
erneil	erniel	1
ervinmr	ervin	1
escalantw	escalante	1
esperas	esparas	1
eulaliolupena	eulalio	1
ezekiel	azekiel	1
female	male	1
fernadez	fernandez	1
ferrarin	ferraren	1
franciso	francisco	2
frorencio	florencio	1
gabutan	gubatun	1
gale	gail	1
garcia	tadaya	1
gemelyn	jemelyn	1
geofry	goefry	1
girle	girlie	1
gleen	glenn	1
grospre	grospe	1
haizen	haizhen	1
hamza	hanan	1
harvei	harvie	1
heartfread	heartfred	1
hoo	hooi	1
hsui	hsiu	1
ilagana	ilagan	1
inda	erlinda	1
jademallon	mallon	1
jaden	jaiden	1
jahyun	jayhyun	1
jamila	jamilla	1
jane	jean	1
janeth	janneth	1
jarill	jarilla	1
jarino	jareno	1
jeanne	jeane	1
jeffrey	jefferson	1
jhon	john	1
jhon	jhone	1
jiffi	jiffy	2
jobertmr	jobert	1
jocelyn	joselyn	1
joehoevan	joevan	1
john	jhon	2
josa	jose	1
juliet	julieta	1
julliana	julianna	1
julliene	julienne	1
justin	justine	1
katechastinehernandez	hernandez	1
kaye	kate	1
kylde	klyde	1
ladiao	faustino	1
lawean	lawian	1
lei	lee	1
lemonsito	lemoncito	2
leonid	leonido	1
ligtag	lictag	1
lizarayms	lizaray	1
louie	louise	2
louisito	luisito	1
luahati	lualhati	2
lyn	lynn	1
ma	maria	1
macial	marcial	1
mackayla	mckayla	1
mae	may	1
magbantay	magpantay	1
makristine	kristine	1
malabuyo	malabuyoc	1
manibi	manibo	1
mar	mae	1
marce	marc	1
maria	ma	2
maria	narce	1
marie	maria	1
marrio	mario	3
marteor	meteor	1
masorong	macadato	1
menita	nenita	1
michae	michael	1
michael	michae	1
michale	michael	1
michellems	michelle	1
mila	milagros	2
mila	milfa	1
milagrosa	milagros	1
miriam	myriam	2
mitchelle	michelle	1
monsqueda	mosqueda	1
motnante	montante	1
mrya	myra	1
nadine	endrenal	1
natalie	nathalie	1
nikolei	nikolie	1
norie	noriel	2
ober	obera	1
ong	ngo	1
orogi	orogo	2
paclian	paclipan	1
palaban	pabalan	1
panel	pael	2
pangasinan	pangasi	1
paulin	pauline	1
pearl	pearly	1
peninou	peninoy	1
pin	phin	1
plerie	plerida	1
queeniems	queenie	1
quezada	quesada	1
race	grace	1
ramil	ramel	1
ranchelle	rachelle	1
rayoos	rayoso	1
regudos	regodos	1
remults	remulta	1
rey	geroy	1
reymond	reymund	1
reynoldpardo	reynold	1
ricardorenzpardo	ricardo	1
rihanna	rheanna	2
river	rivera	1
rizalinomr	rizalino	1
rizzel	rizell	1
rober	robert	1
roch	rocha	1
rokan	rojan	1
ronal	ronald	2
rustiquw	rustique	2
ruthpedregosa	pedregosa	1
ryan	rya	1
ryza	ryka	1
saham	salam	1
salam	saham	1
sanfot	sandot	1
sante	santy	1
santoa	santos	1
sarah	sara	2
shdarick	shadrick	1
shean	sean	1
shiela	sheila	2
shiobhan	siobhan	1
socorr	socorro	1
sumuroy	sumoroy	1
tanny	sanny	1
tansoy	pansoy	1
theresems	therese	1
valderama	valderrama	1
venicems	venice	1
villanenueva	villanueva	3
villanueza	villanueva	1
villavicecio	villavicencio	1
vinea	vinia	1
vullaceran	villaceran	1
zwchariah	zechariah	1
