aaliyah	aafiyah	2
abd	abdul	2
abdilah	abdillah	1
abdul	abd	9
abdulrageb	abdulraqeb	1
abullah	abdullah	1
adam	azlan	1
adbullah	abdullah	1
adrian	andrian	3
aelsiya	aelisya	1
afam	adam	1
afida	afidah	1
afifi	afify	3
afiqa	afiqah	1
afrina	arfina	1
ag	g	1
ageliza	angeliza	1
aggraini	anggraini	1
ahamad	ahmad	2
ainol	ainolfitri	1
airees	airies	1
aisyah	aishah	1
ajwa	ajwad	1
akhmar	akmar	1
alais	alias	1
ali	ramli	2
ali	alice	1
alisther	aliesther	1
alyaaa	alyaa	1
alzeidi	zeidi	1
amirfaridbin	farid	1
ana	sofiana	1
anakselamat	selamat	1
anbalagan	anbazhagan	1
andi	sawedi	1
anirul	amirul	1
annabelle	anabelle	1
anniamal	anniammal	1
anstasia	anastasia	2
aprianti	arianti	1
aqasha	aqasya	1
ara	ari	1
aracal	arackal	1
arfah	arpah	1
arfin	arifin	1
arrazy	arrazi	1
arsril	asril	1
asamsiyeh	samsiyeh	1
ashrah	ashraf	1
asri	asrip	1
athirah	athira	1
awangazizie	awang	1
awgabidin	abidin	1
aysha	aysah	1
bacsthier	bacsther	1
bahri	basri	1
binabdul	abdul	1
binmdzulazhan	bintimdzulazhan	1
binonn	binoon	1
binsuhari	suhari	1
bintiabdrahman	rahman	1
bintibaharudin	baharudin	1
bintinasrin	nasrin	1
bintiothman	othman	1
bintiperry	perry	1
bintisallehuddin	sallehuddin	1
boob	boon	1
boom	voon	1
bugum	begum	1
chaerullah	cherullah	1
chang	chan	1
chat	chet	1
cheelam	lam	1
cherlia	cheria	1
chua	chau	1
chun	chung	1
chun	chin	1
danaa	danna	1
dayang	awang	1
diam	dian	1
dipla	diplal	1
dusanti	susanti	1
duwi	dwi	1
elsa	elisa	1
eunice	euneice	1
fachil	fadhil	1
fadhilah	fadilah	1
fadhzli	fadzli	1
fadly	fadzly	1
faliq	faliqh	1
fatima	fatimah	2
fauizah	fauziah	1
firdaus	fairus	1
fitria	fitrianingsih	1
fitrih	fitri	1
fitrrah	fitrah	1
frizky	frisky	1
fulgensua	fulgensia	1
ga	ka	2
gambaron	gamparon	1
geasthiri	gaesthiri	1
gengdaran	gengadaran	2
ghani	gani	1
ghazanfarali	ghazanfar	1
giyam	giyem	1
gracy	cracy	1
grucharan	gurcharan	1
hairudin	khairil	2
harras	harraz	1
harrasbin	harraz	1
hasan	hassan	1
hashim	hassim	1
hassan	hasan	1
hipni	heepni	1
hisam	hisham	1
hui	li	1
ibrahim	iburam	1
idah	idar	1
in	inn	1
indre	indri	1
jalina	jalinah	1
jeevamalar	jevamalar	1
jia	jie	1
jodi	dodi	2
junaedia	junaedi	1
junid	junaid	1
juren	jureynie	1
ka	gan	2
kamal	kamil	1
kamaludin	kamalludin	1
kamrulaman	kamrulzaman	1
karlina	karlinah	1
kassim	kasim	1
keee	kwee	3
kerestinams	kerestina	1
khaidar	khaidir	1
khalif	alkhalif	2
khatimi	khatami	1
kingsiey	kingsley	1
kohamad	mohamad	1
kris	kristanto	1
kuttun	khruttan	2
kwong	kuong	1
lee	liew	1
lee	lim	1
lely	leli	1
lim	lee	1
limbomg	limbong	1
loly	loli	1
luma	lama	2
lumba	lumban	1
mahmud	mahamud	1
mamat	muhammad	1
manag	manaf	2
manil	manik	3
maria	marina	2
marijan	linamarijan	1
marlopo	marolop	2
marzuki	marjuki	1
masidah	misidah	1
masor	mansor	1
maswira	maswera	2
mathew	matthew	1
mau	emma	1
md	mohamad	1
medianti	mediyanti	1
mhdalwisianipar	sianipar	1
mi	min	1
mia	naina	1
mieta	meita	1
mii	mee	1
mikri	mekri	1
mmuhamad	muhamad	1
mobammed	mohammed	1
moh	mohd	1
mohamad	muhammad	1
mohamad	mohd	1
mohamad	mohammad	1
mohamad	mohamed	1
mohamad	othman	1
mohamd	mohamad	2
mohamed	mohamad	4
mohamed	mohd	3
mohammad	muhammad	5
mohammad	mohd	3
mohammed	mohamed	1
mohamod	mahamod	1
mohd	muhd	2
mohd	mohamad	1
mohd	mohammad	1
mohd	muhammad	1
muahammad	muhammad	1
muaz	mu	1
muh	mohd	1
muhamad	muhammad	6
muhamand	muhamad	1
muhamma	muhammad	1
muhammad	muhamad	3
muhammad	mohammad	3
muhammad	mohd	3
muhammad	md	2
muhammad	muhamamd	1
muhammad	muhd	1
muhammad	nama	1
muhammadkhairulaizat	muhammad	1
muhammah	muhammad	2
muhammed	mohammed	1
muhd	muhammad	1
muhmmad	muhammad	1
mumawwar	munawwar	1
mumhammad	muhammad	1
muniammah	muniamah	1
munuhitu	nunuhitu	1
mustaffar	mustaffa	1
musthofah	musthofa	1
nabila	nabilah	1
nadhirah	nadirah	2
nafeesa	nafeeha	1
nafishah	nafisyah	1
nafiz	hafiz	1
nahiyn	nahiyan	1
naina	kani	1
nama	ana	1
name	hamzah	1
name	andini	1
nasihams	nasiha	1
nasrolhaq	nashrolhaq	1
nattaya	nataya	1
naura	naurah	1
nayla	naylaa	1
nazri	nadzri	2
nazrimr	nazri	1
nebukhadnezar	bukhtanazar	1
ng	meng	1
nicola	nikola	1
niha	nuha	1
no	nor	1
nofiamto	nofianto	1
nohd	mohd	1
nop	hop	1
norashikin	nurashikin	3
norazliah	norazilah	1
norlialai	lialai	1
nour	nuor	2
noveyla	novelya	1
nu	nur	1
nur	nor	3
nur	nurul	1
nuraaira	aaira	1
nurafifa	nurafifah	1
nuratikah	atikah	1
nurhasanah	nurhasan	1
nurhasyim	hasyim	1
nurhelmi	norhelmi	1
nurlisa	norlisa	1
nurshazanani	shahzanani	1
nursyahirah	syahirah	1
nursyam	nursyamimi	1
nurul	nur	1
oky	oki	1
osnain	osnai	1
pang	phang	1
pattinathan	patinanthan	1
pham	phan	1
phonpimon	phonphimon	2
pileng	sileng	1
piza	pica	1
qarni	alqarni	1
qi	chi	1
qim	qin	1
rafidah	faridah	1
ragwar	ragwer	1
rahmat	rakmat	1
rahmat	rahmad	1
ramadan	ramdan	1
ramadani	ramadhani	1
rannia	rania	1
raphel	raphael	1
rasaya	rasayia	2
raxak	razak	1
razali	rozli	1
remli	rameli	1
rianto	rinto	1
riski	rizki	1
risky	rizky	1
roesly	rosely	1
rofik	rofiq	1
rohayu	rohaya	1
romalelawirawati	rosmalelawirawati	2
rozek	rosek	1
rozman	sulaiman	1
rudy	rudi	1
rushdah	rusdah	1
rusli	rosli	1
rusyidi	rusyaidi	1
ruzal	rizal	1
ruzwin	rizwin	1
saadiah	adiah	1
safii	saffii	1
safri	sarif	1
saifulanam	syaifulanam	1
salej	saleh	2
salman	saman	1
salmiah	salmian	1
saman	salman	1
sangkaranarayan	sangkaranarayanan	2
saranneterams	saranne	1
sawng	sawang	1
saya	nazimah	1
shahirin	shahrin	1
shahmi	syahmi	1
shaiful	saiful	1
shamsiah	shamshiah	2
sheryl	sherryl	1
shin	shih	2
sholeha	correct	1
shu	su	1
shuluhiyah	suluhiyah	1
shurki	shukri	1
sick	siok	1
simamungkalit	simanungkalit	1
singa	sinaga	1
sit	siti	1
snur	nur	1
somasundram	somasundaram	1
sooi	soo	1
soon	soo	1
sovia	sofia	1
sry	sri	1
subire	subair	2
sultan	sutan	1
suraya	surayah	1
suriaty	suryati	1
syaf	sayf	2
syafiq	shafiq	1
syahidah	syahida	1
syaifah	syarifah	1
syawaliya	syawaliyah	1
syiraz	shiraz	3
syofan	syofyan	1
syukor	shukor	1
tampubolon	bolon	1
tan	tah	1
tan	tam	1
tantan	tan	1
taqawi	taqwa	1
thedsinamoorthy	thedsinamoothy	1
thiwanathan	thiwananthan	1
thomesen	thommesen	1
tiam	thiam	1
tong	ting	1
ulfah	ulfa	1
umik	umi	1
umuhammad	muhammad	1
velu	svelu	1
veronicasonia	veronica	1
watoni	wathoni	1
wen	wenxuan	1
winalda	aulalda	1
xin	sin	1
ya	yan	1
yahya	yahaya	1
yan	yun	1
yan	yen	1
yao	yaw	1
yeah	yean	1
yi	yin	1
yuen	yean	1
yuen	yeun	1
yulina	yuliana	1
yun	jun	1
yunit	yunita	1
yusf	yusuf	1
zahrah	zaharah	1
zainuddin	zainudin	1
zaithh	zaith	1
zalha	salha	1
zhaohao	zhao	1
zhen	zheng	1
ziyah	ziyaad	1
zuang	zhuang	1
zufiqy	zufiqry	1
zulhilimi	zulhilmi	2
zulhilmi	zulhelmi	1
zulqarmain	zulqarnain	1
zuraida	zurida	2
